insert into trainings (id, name, renewal_months) values
  ('aaaa0000-0000-4000-8000-000000000001', 'ARFF Annual', 12),
  ('aaaa0000-0000-4000-8000-000000000002', 'Live Fire', 12),
  ('aaaa0000-0000-4000-8000-000000000003', 'Movement Area Driver', 24),
  ('aaaa0000-0000-4000-8000-000000000004', 'Wildlife', 12),
  ('aaaa0000-0000-4000-8000-000000000005', 'FOD', 12),
  ('aaaa0000-0000-4000-8000-000000000006', 'Snow Ops', 12),
  ('aaaa0000-0000-4000-8000-000000000007', 'Security Awareness', 12);

insert into employees (id, first_name, last_name, role, active) values
  ('11111111-aaaa-4aaa-8aaa-111111111111', 'Ava', 'Torres', 'ARFF', true),
  ('22222222-bbbb-4bbb-8bbb-222222222222', 'Liam', 'Chen', 'ARFF', true),
  ('33333333-cccc-4ccc-8ccc-333333333333', 'Sofia', 'Patel', 'Ops', true),
  ('44444444-dddd-4ddd-8ddd-444444444444', 'Noah', 'Kim', 'Ops', true),
  ('55555555-eeee-4eee-8eee-555555555555', 'Maya', 'Rodriguez', 'Snow', true),
  ('66666666-ffff-4fff-8fff-666666666666', 'Ethan', 'Brooks', 'Maintenance', true),
  ('77777777-1111-4111-8111-777777777777', 'Oliver', 'Reed', 'Ops', true),
  ('88888888-2222-4222-8222-888888888888', 'Grace', 'Lee', 'Snow', false);

insert into requirements (role, training_id, required) values
  ('ARFF', 'aaaa0000-0000-4000-8000-000000000001', true),
  ('ARFF', 'aaaa0000-0000-4000-8000-000000000002', true),
  ('ARFF', 'aaaa0000-0000-4000-8000-000000000007', true),
  ('Ops', 'aaaa0000-0000-4000-8000-000000000003', true),
  ('Ops', 'aaaa0000-0000-4000-8000-000000000004', true),
  ('Ops', 'aaaa0000-0000-4000-8000-000000000005', true),
  ('Ops', 'aaaa0000-0000-4000-8000-000000000007', true),
  ('Snow', 'aaaa0000-0000-4000-8000-000000000006', true),
  ('Snow', 'aaaa0000-0000-4000-8000-000000000003', true),
  ('Snow', 'aaaa0000-0000-4000-8000-000000000005', true),
  ('Snow', 'aaaa0000-0000-4000-8000-000000000007', true),
  ('Maintenance', 'aaaa0000-0000-4000-8000-000000000005', true),
  ('Maintenance', 'aaaa0000-0000-4000-8000-000000000007', true);

insert into completions (id, employee_id, training_id, completion_date) values
  ('c1111111-0000-4000-8000-000000000001', '11111111-aaaa-4aaa-8aaa-111111111111', 'aaaa0000-0000-4000-8000-000000000001', '2025-08-01'),
  ('c1111111-0000-4000-8000-000000000002', '11111111-aaaa-4aaa-8aaa-111111111111', 'aaaa0000-0000-4000-8000-000000000002', '2025-02-20'),
  ('c1111111-0000-4000-8000-000000000003', '11111111-aaaa-4aaa-8aaa-111111111111', 'aaaa0000-0000-4000-8000-000000000007', '2025-05-01'),

  ('c2222222-0000-4000-8000-000000000001', '22222222-bbbb-4bbb-8bbb-222222222222', 'aaaa0000-0000-4000-8000-000000000001', '2024-12-01'),
  ('c2222222-0000-4000-8000-000000000002', '22222222-bbbb-4bbb-8bbb-222222222222', 'aaaa0000-0000-4000-8000-000000000002', '2025-08-01'),

  ('c3333333-0000-4000-8000-000000000001', '33333333-cccc-4ccc-8ccc-333333333333', 'aaaa0000-0000-4000-8000-000000000003', '2024-06-01'),
  ('c3333333-0000-4000-8000-000000000002', '33333333-cccc-4ccc-8ccc-333333333333', 'aaaa0000-0000-4000-8000-000000000004', '2025-03-20'),
  ('c3333333-0000-4000-8000-000000000003', '33333333-cccc-4ccc-8ccc-333333333333', 'aaaa0000-0000-4000-8000-000000000005', '2025-02-20'),
  ('c3333333-0000-4000-8000-000000000004', '33333333-cccc-4ccc-8ccc-333333333333', 'aaaa0000-0000-4000-8000-000000000007', '2025-08-01'),

  ('c4444444-0000-4000-8000-000000000001', '44444444-dddd-4ddd-8ddd-444444444444', 'aaaa0000-0000-4000-8000-000000000003', '2023-10-01'),
  ('c4444444-0000-4000-8000-000000000002', '44444444-dddd-4ddd-8ddd-444444444444', 'aaaa0000-0000-4000-8000-000000000004', '2025-05-01'),
  ('c4444444-0000-4000-8000-000000000003', '44444444-dddd-4ddd-8ddd-444444444444', 'aaaa0000-0000-4000-8000-000000000007', '2025-02-20'),

  ('c5555555-0000-4000-8000-000000000001', '55555555-eeee-4eee-8eee-555555555555', 'aaaa0000-0000-4000-8000-000000000006', '2025-04-10'),
  ('c5555555-0000-4000-8000-000000000002', '55555555-eeee-4eee-8eee-555555555555', 'aaaa0000-0000-4000-8000-000000000003', '2024-06-01'),
  ('c5555555-0000-4000-8000-000000000003', '55555555-eeee-4eee-8eee-555555555555', 'aaaa0000-0000-4000-8000-000000000005', '2024-12-01'),
  ('c5555555-0000-4000-8000-000000000004', '55555555-eeee-4eee-8eee-555555555555', 'aaaa0000-0000-4000-8000-000000000007', '2025-08-01'),

  ('c6666666-0000-4000-8000-000000000001', '66666666-ffff-4fff-8fff-666666666666', 'aaaa0000-0000-4000-8000-000000000005', '2025-08-01'),
  ('c6666666-0000-4000-8000-000000000002', '66666666-ffff-4fff-8fff-666666666666', 'aaaa0000-0000-4000-8000-000000000007', '2025-02-20'),

  ('c7777777-0000-4000-8000-000000000001', '77777777-1111-4111-8111-777777777777', 'aaaa0000-0000-4000-8000-000000000003', '2025-01-15'),
  ('c7777777-0000-4000-8000-000000000002', '77777777-1111-4111-8111-777777777777', 'aaaa0000-0000-4000-8000-000000000005', '2025-05-01'),
  ('c7777777-0000-4000-8000-000000000003', '77777777-1111-4111-8111-777777777777', 'aaaa0000-0000-4000-8000-000000000007', '2024-12-01'),

  ('c8888888-0000-4000-8000-000000000001', '88888888-2222-4222-8222-888888888888', 'aaaa0000-0000-4000-8000-000000000006', '2025-08-01'),
  ('c8888888-0000-4000-8000-000000000002', '88888888-2222-4222-8222-888888888888', 'aaaa0000-0000-4000-8000-000000000003', '2024-06-01'),
  ('c8888888-0000-4000-8000-000000000003', '88888888-2222-4222-8222-888888888888', 'aaaa0000-0000-4000-8000-000000000005', '2025-08-01'),
  ('c8888888-0000-4000-8000-000000000004', '88888888-2222-4222-8222-888888888888', 'aaaa0000-0000-4000-8000-000000000007', '2025-08-01');

insert into coverage_minima (coverage_key, label, minimum) values
  ('arff', 'ARFF Qualified', 4),
  ('driver', 'Movement Area Drivers', 6),
  ('snow', 'Snow Ops Qualified', 3);
